title,price,price_gbp,star_rating,rating,availability,in_stock,category
It's Only the Himalayas,Â£45.17,45.17,Two,2,In stock,True,Travel
Full Moon over Noahâs Ark: An Odyssey to Mount Ararat and Beyond,Â£49.43,49.43,Four,4,In stock,True,Travel
See America: A Celebration of Our National Parks & Treasured Sites,Â£48.87,48.87,Three,3,In stock,True,Travel
Vagabonding: An Uncommon Guide to the Art of Long-Term World Travel,Â£36.94,36.94,Two,2,In stock,True,Travel
Under the Tuscan Sun,Â£37.33,37.33,Three,3,In stock,True,Travel
A Summer In Europe,Â£44.34,44.34,Two,2,In stock,True,Travel
The Great Railway Bazaar,Â£30.54,30.54,One,1,In stock,True,Travel
A Year in Provence (Provence #1),Â£56.88,56.88,Four,4,In stock,True,Travel
The Road to Little Dribbling: Adventures of an American in Britain (Notes From a Small Island #2),Â£23.21,23.21,One,1,In stock,True,Travel
Neither Here nor There: Travels in Europe,Â£38.95,38.95,Three,3,In stock,True,Travel
"1,000 Places to See Before You Die",Â£26.08,26.08,Five,5,In stock,True,Travel
Sharp Objects,Â£47.82,47.82,Four,4,In stock,True,Mystery
"In a Dark, Dark Wood",Â£19.63,19.63,One,1,In stock,True,Mystery
The Past Never Ends,Â£56.50,56.5,Four,4,In stock,True,Mystery
A Murder in Time,Â£16.64,16.64,One,1,In stock,True,Mystery
The Murder of Roger Ackroyd (Hercule Poirot #4),Â£44.10,44.1,Four,4,In stock,True,Mystery
The Last Mile (Amos Decker #2),Â£54.21,54.21,Two,2,In stock,True,Mystery
That Darkness (Gardiner and Renner #1),Â£13.92,13.92,One,1,In stock,True,Mystery
Tastes Like Fear (DI Marnie Rome #3),Â£10.69,10.69,One,1,In stock,True,Mystery
A Time of Torment (Charlie Parker #14),Â£48.35,48.35,Five,5,In stock,True,Mystery
A Study in Scarlet (Sherlock Holmes #1),Â£16.73,16.73,Two,2,In stock,True,Mystery
Poisonous (Max Revere Novels #3),Â£26.80,26.8,Three,3,In stock,True,Mystery
Murder at the 42nd Street Library (Raymond Ambler #1),Â£54.36,54.36,Four,4,In stock,True,Mystery
Most Wanted,Â£35.28,35.28,Three,3,In stock,True,Mystery
Hide Away (Eve Duncan #20),Â£11.84,11.84,One,1,In stock,True,Mystery
Boar Island (Anna Pigeon #19),Â£59.48,59.48,Three,3,In stock,True,Mystery
The Widow,Â£27.26,27.26,Two,2,In stock,True,Mystery
Playing with Fire,Â£13.71,13.71,Three,3,In stock,True,Mystery
What Happened on Beale Street (Secrets of the South Mysteries #2),Â£25.37,25.37,Five,5,In stock,True,Mystery
The Bachelor Girl's Guide to Murder (Herringford and Watts Mysteries #1),Â£52.30,52.3,Five,5,In stock,True,Mystery
Delivering the Truth (Quaker Midwife Mystery #1),Â£20.89,20.89,Four,4,In stock,True,Mystery
The Mysterious Affair at Styles (Hercule Poirot #1),Â£24.80,24.8,Four,4,In stock,True,Mystery
In the Woods (Dublin Murder Squad #1),Â£38.38,38.38,Two,2,In stock,True,Mystery
The Silkworm (Cormoran Strike #2),Â£23.05,23.05,Five,5,In stock,True,Mystery
The Exiled,Â£43.45,43.45,Three,3,In stock,True,Mystery
The Cuckoo's Calling (Cormoran Strike #1),Â£19.21,19.21,One,1,In stock,True,Mystery
Extreme Prey (Lucas Davenport #26),Â£25.40,25.4,Three,3,In stock,True,Mystery
Career of Evil (Cormoran Strike #3),Â£24.72,24.72,Two,2,In stock,True,Mystery
The No. 1 Ladies' Detective Agency (No. 1 Ladies' Detective Agency #1),Â£57.70,57.7,Four,4,In stock,True,Mystery
The Girl You Lost,Â£12.29,12.29,Five,5,In stock,True,Mystery
The Girl In The Ice (DCI Erika Foster #1),Â£15.85,15.85,Three,3,In stock,True,Mystery
Blood Defense (Samantha Brinkman #1),Â£20.30,20.3,Three,3,In stock,True,Mystery
1st to Die (Women's Murder Club #1),Â£53.98,53.98,One,1,In stock,True,Mystery
Tipping the Velvet,Â£53.74,53.74,One,1,In stock,True,Historical Fiction
Forever and Forever: The Courtship of Henry Longfellow and Fanny Appleton,Â£29.69,29.69,Three,3,In stock,True,Historical Fiction
A Flight of Arrows (The Pathfinders #2),Â£55.53,55.53,Five,5,In stock,True,Historical Fiction
The House by the Lake,Â£36.95,36.95,One,1,In stock,True,Historical Fiction
Mrs. Houdini,Â£30.25,30.25,Five,5,In stock,True,Historical Fiction
The Marriage of Opposites,Â£28.08,28.08,Four,4,In stock,True,Historical Fiction
Glory over Everything: Beyond The Kitchen House,Â£45.84,45.84,Three,3,In stock,True,Historical Fiction
"Love, Lies and Spies",Â£20.55,20.55,Two,2,In stock,True,Historical Fiction
A Paris Apartment,Â£39.01,39.01,Four,4,In stock,True,Historical Fiction
Lilac Girls,Â£17.28,17.28,Two,2,In stock,True,Historical Fiction
The Constant Princess (The Tudor Court #1),Â£16.62,16.62,Three,3,In stock,True,Historical Fiction
The Invention of Wings,Â£37.34,37.34,One,1,In stock,True,Historical Fiction
World Without End (The Pillars of the Earth #2),Â£32.97,32.97,Four,4,In stock,True,Historical Fiction
The Passion of Dolssa,Â£28.32,28.32,Five,5,In stock,True,Historical Fiction
Girl With a Pearl Earring,Â£26.77,26.77,One,1,In stock,True,Historical Fiction
Voyager (Outlander #3),Â£21.07,21.07,Five,5,In stock,True,Historical Fiction
The Red Tent,Â£35.66,35.66,Five,5,In stock,True,Historical Fiction
The Last Painting of Sara de Vos,Â£55.55,55.55,Two,2,In stock,True,Historical Fiction
The Guernsey Literary and Potato Peel Pie Society,Â£49.53,49.53,One,1,In stock,True,Historical Fiction
Girl in the Blue Coat,Â£46.83,46.83,Two,2,In stock,True,Historical Fiction
Between Shades of Gray,Â£20.79,20.79,Five,5,In stock,True,Historical Fiction
While You Were Mine,Â£41.32,41.32,Five,5,In stock,True,Historical Fiction
The Secret Healer,Â£34.56,34.56,Three,3,In stock,True,Historical Fiction
Starlark,Â£25.83,25.83,Three,3,In stock,True,Historical Fiction
Lost Among the Living,Â£27.70,27.7,Four,4,In stock,True,Historical Fiction
A Spy's Devotion (The Regency Spies of London #1),Â£16.97,16.97,Five,5,In stock,True,Historical Fiction
The Secret Garden,Â£15.08,15.08,Four,4,In stock,True,Classics
The Metamorphosis,Â£28.58,28.58,One,1,In stock,True,Classics
The Pilgrim's Progress,Â£50.26,50.26,Two,2,In stock,True,Classics
The Hound of the Baskervilles (Sherlock Holmes #5),Â£14.82,14.82,Two,2,In stock,True,Classics
Little Women (Little Women #1),Â£28.07,28.07,Four,4,In stock,True,Classics
Gone with the Wind,Â£32.49,32.49,Three,3,In stock,True,Classics
Candide,Â£58.63,58.63,Three,3,In stock,True,Classics
Animal Farm,Â£57.22,57.22,Three,3,In stock,True,Classics
Wuthering Heights,Â£17.73,17.73,Three,3,In stock,True,Classics
The Picture of Dorian Gray,Â£29.70,29.7,Two,2,In stock,True,Classics
The Complete Stories and Poems (The Works of Edgar Allan Poe [Cameo Edition]),Â£26.78,26.78,Four,4,In stock,True,Classics
Beowulf,Â£38.35,38.35,Two,2,In stock,True,Classics
And Then There Were None,Â£35.01,35.01,Two,2,In stock,True,Classics
The Story of Hong Gildong,Â£43.19,43.19,Four,4,In stock,True,Classics
The Little Prince,Â£45.42,45.42,Two,2,In stock,True,Classics
Sense and Sensibility,Â£37.46,37.46,One,1,In stock,True,Classics
Of Mice and Men,Â£47.11,47.11,Two,2,In stock,True,Classics
Emma,Â£32.93,32.93,Two,2,In stock,True,Classics
Alice in Wonderland (Alice's Adventures in Wonderland #1),Â£55.53,55.53,One,1,In stock,True,Classics
Mesaerion: The Best Science Fiction Stories 1800-1849,Â£37.59,37.59,One,1,In stock,True,Science Fiction
Join,Â£35.67,35.67,Five,5,In stock,True,Science Fiction
"William Shakespeare's Star Wars: Verily, A New Hope (William Shakespeare's Star Wars #4)",Â£43.30,43.3,Four,4,In stock,True,Science Fiction
The Project,Â£10.65,10.65,One,1,In stock,True,Science Fiction
Soft Apocalypse,Â£26.12,26.12,Two,2,In stock,True,Science Fiction
Sleeping Giants (Themis Files #1),Â£48.74,48.74,One,1,In stock,True,Science Fiction
Arena,Â£21.36,21.36,Four,4,In stock,True,Science Fiction
Foundation (Foundation (Publication Order) #1),Â£32.42,32.42,One,1,In stock,True,Science Fiction
The Restaurant at the End of the Universe (Hitchhiker's Guide to the Galaxy #2),Â£10.92,10.92,One,1,In stock,True,Science Fiction
Ready Player One,Â£19.07,19.07,Four,4,In stock,True,Science Fiction
"Life, the Universe and Everything (Hitchhiker's Guide to the Galaxy #3)",Â£33.26,33.26,Two,2,In stock,True,Science Fiction
Dune (Dune #1),Â£54.86,54.86,One,1,In stock,True,Science Fiction
